{
    "all_entities": {
        "all": {
            "f1": 0.7343345416882443,
            "p": 0.7534537725823592,
            "r": 0.7161616161616161
        },
        "sent_cont": {
            "f1": 0.7665454545454545,
            "p": 0.7984848484848485,
            "r": 0.737062937062937
        },
        "sent_disc": {
            "f1": 0.7054263565891473,
            "p": 0.7551867219917012,
            "r": 0.6618181818181819
        },
        "ent_cont": {
            "f1": 0.7588168373151308,
            "p": 0.7737819025522041,
            "r": 0.7444196428571429
        },
        "ent_disc": {
            "f1": 0.48554913294797686,
            "p": 0.5316455696202531,
            "r": 0.44680851063829785
        }
    },
    "per_entity": {
        "adr": {
            "all": {
                "f1": 0.7343345416882443,
                "p": 0.7534537725823592,
                "r": 0.7161616161616161
            },
            "sent_cont": {
                "f1": 0.7665454545454545,
                "p": 0.7984848484848485,
                "r": 0.737062937062937
            },
            "sent_disc": {
                "f1": 0.7054263565891473,
                "p": 0.7551867219917012,
                "r": 0.6618181818181819
            },
            "ent_cont": {
                "f1": 0.7588168373151308,
                "p": 0.7737819025522041,
                "r": 0.7444196428571429
            },
            "ent_disc": {
                "f1": 0.48554913294797686,
                "p": 0.5316455696202531,
                "r": 0.44680851063829785
            }
        }
    }
}