{
    "all_entities": {
        "all": {
            "f1": 0.7321613236814891,
            "p": 0.75,
            "r": 0.7151515151515152
        },
        "sent_cont": {
            "f1": 0.7631578947368421,
            "p": 0.7993874425727412,
            "r": 0.73006993006993
        },
        "sent_disc": {
            "f1": 0.7058823529411766,
            "p": 0.7380952380952381,
            "r": 0.6763636363636364
        },
        "ent_cont": {
            "f1": 0.7552526973310618,
            "p": 0.7687861271676301,
            "r": 0.7421875
        },
        "ent_disc": {
            "f1": 0.4971098265895954,
            "p": 0.5443037974683544,
            "r": 0.4574468085106383
        }
    },
    "per_entity": {
        "adr": {
            "all": {
                "f1": 0.7321613236814891,
                "p": 0.75,
                "r": 0.7151515151515152
            },
            "sent_cont": {
                "f1": 0.7631578947368421,
                "p": 0.7993874425727412,
                "r": 0.73006993006993
            },
            "sent_disc": {
                "f1": 0.7058823529411766,
                "p": 0.7380952380952381,
                "r": 0.6763636363636364
            },
            "ent_cont": {
                "f1": 0.7552526973310618,
                "p": 0.7687861271676301,
                "r": 0.7421875
            },
            "ent_disc": {
                "f1": 0.4971098265895954,
                "p": 0.5443037974683544,
                "r": 0.4574468085106383
            }
        }
    }
}