{
    "all_entities": {
        "all": {
            "f1": 0.8216275794501255,
            "p": 0.7978356522773219,
            "r": 0.8468821004796768
        },
        "sent_cont": {
            "f1": 0.8626970984232126,
            "p": 0.8595408895265423,
            "r": 0.8658765717589247
        },
        "sent_disc": {
            "f1": 0.7289340101522843,
            "p": 0.7425025853154085,
            "r": 0.715852442671984
        },
        "ent_cont": {
            "f1": 0.8392456811288407,
            "p": 0.8148527528809218,
            "r": 0.8651441000543774
        },
        "ent_disc": {
            "f1": 0.592274678111588,
            "p": 0.5759599332220368,
            "r": 0.6095406360424028
        }
    },
    "per_entity": {
        "disorder": {
            "all": {
                "f1": 0.8216275794501255,
                "p": 0.7978356522773219,
                "r": 0.8468821004796768
            },
            "sent_cont": {
                "f1": 0.8626970984232126,
                "p": 0.8595408895265423,
                "r": 0.8658765717589247
            },
            "sent_disc": {
                "f1": 0.7289340101522843,
                "p": 0.7425025853154085,
                "r": 0.715852442671984
            },
            "ent_cont": {
                "f1": 0.8392456811288407,
                "p": 0.8148527528809218,
                "r": 0.8651441000543774
            },
            "ent_disc": {
                "f1": 0.592274678111588,
                "p": 0.5759599332220368,
                "r": 0.6095406360424028
            }
        }
    }
}