{
    "all_entities": {
        "all": {
            "f1": 0.8322473986190799,
            "p": 0.8644444444444445,
            "r": 0.802362647665479
        },
        "sent_cont": {
            "f1": 0.8635695716061942,
            "p": 0.8967136150234741,
            "r": 0.8327883148027033
        },
        "sent_disc": {
            "f1": 0.6923076923076923,
            "p": 0.7913793103448276,
            "r": 0.6152815013404825
        },
        "ent_cont": {
            "f1": 0.8521193092621664,
            "p": 0.8739802490339201,
            "r": 0.8313253012048193
        },
        "ent_disc": {
            "f1": 0.5714285714285714,
            "p": 0.7123287671232876,
            "r": 0.47706422018348627
        }
    },
    "per_entity": {
        "disorder": {
            "all": {
                "f1": 0.8322473986190799,
                "p": 0.8644444444444445,
                "r": 0.802362647665479
            },
            "sent_cont": {
                "f1": 0.8635695716061942,
                "p": 0.8967136150234741,
                "r": 0.8327883148027033
            },
            "sent_disc": {
                "f1": 0.6923076923076923,
                "p": 0.7913793103448276,
                "r": 0.6152815013404825
            },
            "ent_cont": {
                "f1": 0.8521193092621664,
                "p": 0.8739802490339201,
                "r": 0.8313253012048193
            },
            "ent_disc": {
                "f1": 0.5714285714285714,
                "p": 0.7123287671232876,
                "r": 0.47706422018348627
            }
        }
    }
}