{
    "all_entities": {
        "all": {
            "f1": 0.8135026080110225,
            "p": 0.8560480530240265,
            "r": 0.7749859366210388
        },
        "sent_cont": {
            "f1": 0.8425756186984417,
            "p": 0.8879497705868148,
            "r": 0.8016132548506649
        },
        "sent_disc": {
            "f1": 0.6909090909090909,
            "p": 0.794425087108014,
            "r": 0.6112600536193029
        },
        "ent_cont": {
            "f1": 0.829402432575357,
            "p": 0.8602457218078104,
            "r": 0.8006943026342659
        },
        "ent_disc": {
            "f1": 0.6005665722379604,
            "p": 0.7851851851851852,
            "r": 0.48623853211009177
        }
    },
    "per_entity": {
        "disorder": {
            "all": {
                "f1": 0.8135026080110225,
                "p": 0.8560480530240265,
                "r": 0.7749859366210388
            },
            "sent_cont": {
                "f1": 0.8425756186984417,
                "p": 0.8879497705868148,
                "r": 0.8016132548506649
            },
            "sent_disc": {
                "f1": 0.6909090909090909,
                "p": 0.794425087108014,
                "r": 0.6112600536193029
            },
            "ent_cont": {
                "f1": 0.829402432575357,
                "p": 0.8602457218078104,
                "r": 0.8006943026342659
            },
            "ent_disc": {
                "f1": 0.6005665722379604,
                "p": 0.7851851851851852,
                "r": 0.48623853211009177
            }
        }
    }
}