{
    "all_entities": {
        "all": {
            "f1": 0.8253500368459838,
            "p": 0.8036354939009807,
            "r": 0.848270638727594
        },
        "sent_cont": {
            "f1": 0.8772461571768781,
            "p": 0.8760449697319113,
            "r": 0.8784506431565255
        },
        "sent_disc": {
            "f1": 0.6481574962140333,
            "p": 0.656441717791411,
            "r": 0.6400797607178464
        },
        "ent_cont": {
            "f1": 0.8441881797929498,
            "p": 0.8148241841639261,
            "r": 0.8757476889613921
        },
        "ent_disc": {
            "f1": 0.5440313111545989,
            "p": 0.6096491228070176,
            "r": 0.4911660777385159
        }
    },
    "per_entity": {
        "disorder": {
            "all": {
                "f1": 0.8253500368459838,
                "p": 0.8036354939009807,
                "r": 0.848270638727594
            },
            "sent_cont": {
                "f1": 0.8772461571768781,
                "p": 0.8760449697319113,
                "r": 0.8784506431565255
            },
            "sent_disc": {
                "f1": 0.6481574962140333,
                "p": 0.656441717791411,
                "r": 0.6400797607178464
            },
            "ent_cont": {
                "f1": 0.8441881797929498,
                "p": 0.8148241841639261,
                "r": 0.8757476889613921
            },
            "ent_disc": {
                "f1": 0.5440313111545989,
                "p": 0.6096491228070176,
                "r": 0.4911660777385159
            }
        }
    }
}